"Coroporate Name","Transfer Type","Terminal Type","Customer Name","Order Number","City Name",Airport,"Airport Service","Delivery Type","Order Transfer",Sector,"Date Of Booking","Date Of Service","Date of Delivery","Delivery Date & Time(Actual)","Delivery Date & Time(Expected)","Flight number","PNR number","Number of bags","Payment Mode","Amount collected by Porter","Gate Meeting Time","Service Type","Delivery Service Type",Slot,Porter,Porterx,"Assigned Person","Order Status","Related Order Status","Amount collected","Total Value","Payment Mode","Payment Status",Area,Pincode,Landmark,"Address Line1","Address Line2","Address Line2","Pick Up Person Name","Pick Up Address Line 1","Pick Up Address Line 2","Pick Up Area","Pick Up Pincode","Drop Person Name","Drop Address Line 1","Drop Address Line 2","Drop Area","Drop Pincode","Order SMS Sent"
IndigoSkipForward,"Lost Luggage","International Travel","Himanshu Mor",ON1102202214570629348,Hyderabad,"RGIA Hyderabad","Door Step Delivery",Local,"Airport Transfer",,2022-11-02,2022-11-02,"2022-11-02 06:30:00 PM","2022-11-02 06:30:00 PM","2022-11-02 06:30:00 PM",KKKKKKKKKK,KKKKKK,2,Prepaid,0,"12:00 AM","From Airport","Normal Delivery","7 AM - 11 AM",-,-,american,Confirmed,,0,,Prepaid,Nampally,500457,,"Hyderabad Deccan Railway Station | Nampally, 9FR9+X39, Red Hills, Nampally, Hyderabad, Telangana 500457, India",,,,,,,,,,,,0
AirDepBelow5kgs,"Cargo Transfer","Domestic Travel",Vivekananthan,ON1102202213222729344,Bangalore,"KIAL Bangalore","Door Step Pickup",Outstation,"City Transfer",center,2022-11-02,2022-11-02,"2022-11-06 11:55:00 PM","2022-11-06 11:55:00 PM","2022-11-06 11:55:00 PM",,,1,"Online Payment",0," ","To City","Normal Delivery","7 AM - 11 AM",-,-,Vivekananthan,Open,,105,,"Online Payment",,,,,,,"Gloify, #265, 2nd Floor, 6th Main, 4th Cross Rd, Stage 2, BTM Layout, Bengaluru, Karnataka 560076, India",,"BTM Layout",560076,,"Wankhede Stadium, WRQG+G8R, Vinoo Mankad Rd, Churchgate, Mumbai, Maharashtra 400020, India",,Churchgate,400020,0
SurArrBelow7Kgs,"Cargo Transfer","Domestic Travel","John Son",ON1102202213033029340,Bangalore,"KIAL Bangalore","Door Step Pickup",Outstation,"City Transfer",center,2022-11-02,2022-11-02,"2022-11-09 11:55:00 PM","2022-11-09 11:55:00 PM","2022-11-09 11:55:00 PM",,,1,"Online Payment",0," ","To City","Normal Delivery","7 AM - 11 AM",-,-,"John Son",Open,,184,,"Online Payment",,,,,,,"Bangalore Railway Station Back Gate, Bangalore Railway Station Back Gate, M.G. Railway Colony, Sevashrama, Bengaluru, Karnataka 560023, India",,Sevashrama,560023,,"Mumbai Central railway station building, Mumbai Central Railway Station Building, Mumbai Central, Mumbai, Maharashtra 400008, India",,"Mumbai Central",400008,0
3bagsclassicarrivals,"Airport Transfer","Domestic Travel","Himanshu Mor",ON1102202212520529339,Hyderabad,"RGIA Hyderabad","Door Step Delivery",Outstation,"Airport Transfer",,2022-11-02,2022-11-02,"1970-01-01 01:00:00 AM","1970-01-01 01:00:00 AM","1970-01-01 01:00:00 AM",JAMES,123456,3,Razorpay,0,"12:00 AM","From Airport","Normal Delivery","3 PM Next day delivery before 2 PM",-,-,american,Confirmed,,2519,,Razorpay,Sevashrama,560023,,"Bangalore Railway Station Back Gate, Bangalore Railway Station Back Gate, M.G. Railway Colony, Sevashrama, Bengaluru, Karnataka 560023, India",,,,,,,,,,,,0
indigo8bag,"Airport Transfer","International Travel","Hari Kant",ON1102202212475729338,Hyderabad,"RGIA Hyderabad","Airport : Pickup Point",Local,"Airport Transfer",center,2022-11-02,2022-11-02,"2022-11-02 05:03:30 AM","2022-11-02 05:03:30 AM","2022-11-02 05:03:30 AM",FDGHKMFDSG,FSDGFH,8,"Online Payment",0,"12:00 AM","From Airport","Normal Delivery","3 PM Next day delivery before 2 PM",-,-,"Hari Kant",Confirmed,,1434,,"Online Payment",,500001,,"Passenger Pickup Point Cab/Car",,,,,,,,,,,,0
1bagarrivalaccess,,"Domestic Travel",vivekananthan,ON1102202212052629333,Bangalore,"KIAL Bangalore","Door Step Pickup",Outstation,"Airport Transfer",center,2022-11-02,2022-11-02,"2022-10-14 09:00:00 PM","2022-10-14 09:00:00 PM","2022-10-14 09:00:00 PM",,123456,1,"Online Payment",0,"12:00 AM","To Airport","Normal Delivery","3 PM - 7 PM",-,-,vivekananthan,Open,,5060,,"Online Payment",Churchgate,400020,,"testing, Wankhede Stadium, WRQG+G8R, Vinoo Mankad Rd, Churchgate, Mumbai, Maharashtra 400020, India",,,,,,,,,,,,0
AirDepBelow10kgs,"Cargo Transfer","Domestic Travel","Rajat Kumar Singh",ON1102202210571329330,Bangalore,"KIAL Bangalore","Door Step Pickup",Outstation,"City Transfer",center,2022-11-02,2022-11-02,"2022-11-06 11:55:00 PM","2022-11-06 11:55:00 PM","2022-11-06 11:55:00 PM",,,1,"Online Payment",0," ","To City","Normal Delivery","7 AM - 11 AM",-,-,"Rajat Kumar Singh",Open,,131,,"Online Payment",,,,,,,"Kudlu Gate, Service Road, Kudlu Gate, Krishna Reddy Industrial Area, Hosapalaya, Muneshwara Nagar, Bengaluru, Karnataka, India  Bangalore Urban, 560068",,Bangalore,560068,,"India Gate, Kartavya Path, India Gate, New Delhi, Delhi, India  New Delhi, 110001",,,110001,0
SurArrBelow7Kgs,"Cargo Transfer","Domestic Travel","Rajat Kumar Singh",ON1102202209312829325,Bangalore,"KIAL Bangalore","Door Step Pickup",Outstation,"City Transfer",center,2022-11-02,2022-11-02,"2022-11-09 11:55:00 PM","2022-11-09 11:55:00 PM","2022-11-09 11:55:00 PM",,,1,"Online Payment",0," ","To City","Normal Delivery","7 AM - 11 AM",-,-,"Rajat Kumar Singh ",Open,,184,,"Online Payment",,,,,,,"Kudlu Gate, Service Road, Kudlu Gate, Krishna Reddy Industrial Area, Hosapalaya, Muneshwara Nagar, Bengaluru, Karnataka, India  Bangalore Urban, 560068",,Bangalore,560068,,"India Gate, Kartavya Path, India Gate, New Delhi, Delhi, India  New Delhi, 110001",,,110001,0
2bagsAirAsiaFPBDep,,-,"Voucher Test",ON1026202211254528988,"New Delhi","T1 IGI - New Delhi",-,Local,"Airport Transfer",center,2022-10-26,2022-11-02,-,-,-,Z7LDUA,,1,"Online Payment",0,"12:00 AM","To Airport","Normal Delivery","7 AM - 11 AM",-,-,"Voucher Test",Open,,630,,"Online Payment",,110001,,,,,,,,,,,,,,0
4bagsAirAsiaFPBArr,,-,"Voucher Test",ON1026202211030728985,Mumbai,"T1 CSMIA Mumbai",-,Local,"Airport Transfer",center,2022-10-26,2022-11-02,-,-,-,W8MHPK,,1,"Online Payment",0,"12:00 AM","From Airport","Normal Delivery","11 AM - 3 PM",-,-,"Voucher Test",Confirmed,,1260,,"Online Payment",,400001,,,,,,,,,,,,,,0
4bagsAirAsiaFPBDep,,-,"Voucher Test",ON1026202211030028984,"New Delhi","T1 IGI - New Delhi",-,Local,"Airport Transfer",center,2022-10-26,2022-11-02,-,-,-,W8MHPK,,1,"Online Payment",0,"12:00 AM","To Airport","Normal Delivery","7 AM - 11 AM",-,-,"Voucher Test",Open,,1260,,"Online Payment",,110001,,,,,,,,,,,,,,0
